idx,time,latency_sec,tokens,generation_time_sec,tok_per_sec
1,17:52:02.98,0.222,25,0.07,355.095
2,17:52:03.14,0.382,25,0.073,340.611
3,17:52:03.49,0.704,25,0.167,149.34
4,17:52:03.91,1.121,25,0.325,76.824
5,17:52:03.92,1.089,25,0.218,114.441
6,17:52:04.23,1.443,25,0.124,201.764
7,17:52:04.32,1.476,25,0.065,386.312
8,17:52:04.31,1.557,25,0.117,213.18
9,17:52:04.44,1.676,25,0.115,216.863
10,17:52:04.73,1.887,25,0.131,190.136
11,17:52:04.91,2.05,25,0.224,111.543
12,17:52:05.19,2.429,25,0.276,90.428
13,17:52:05.44,2.637,25,0.437,57.248
14,17:52:05.66,2.879,25,0.293,85.23
15,17:52:05.60,2.846,25,0.192,130.44
16,17:52:05.72,2.602,25,0.118,211.764
17,17:52:05.98,2.607,25,0.088,282.522
18,17:52:06.03,3.231,25,0.161,155.593
19,17:52:06.33,3.452,25,0.207,120.971
20,17:52:06.13,3.109,25,0.102,244.139
21,17:52:06.40,3.523,25,0.103,243.478
22,17:52:06.42,3.651,25,0.203,123.389
23,17:52:06.59,3.773,25,0.126,198.181
24,17:52:06.73,3.89,25,0.182,137.142
25,17:52:06.90,4.073,25,0.214,116.8
26,17:52:06.90,3.779,25,0.375,66.61
27,17:52:06.96,4.072,25,0.219,114.343
28,17:52:07.01,4.139,25,0.091,275.907
29,17:52:07.15,4.379,25,0.195,128.184
30,17:52:07.18,4.125,25,0.168,148.601
31,17:52:07.22,3.79,25,0.162,154.337
32,17:52:07.34,4.499,25,0.281,88.904
33,17:52:07.48,4.706,25,0.283,88.475
34,17:52:07.49,3.469,25,0.281,88.828
35,17:52:07.53,4.195,25,0.282,88.626
36,17:52:07.66,4.791,25,0.283,88.482
37,17:52:07.80,4.936,25,0.283,88.489
38,17:52:07.80,4.823,25,0.283,88.471
39,17:52:07.84,4.84,25,0.282,88.565
40,17:52:07.97,4.964,25,0.282,88.703
41,17:52:08.11,5.296,25,0.282,88.59
42,17:52:08.11,5.308,25,0.282,88.617
43,17:52:08.16,4.264,25,0.283,88.483
44,17:52:08.28,5.321,25,0.278,89.791
45,17:52:08.42,5.618,25,0.281,88.863
46,17:52:08.42,5.438,25,0.281,88.827
47,17:52:08.47,5.539,25,0.283,88.401
48,17:52:08.59,5.464,25,0.282,88.556
49,17:52:08.73,5.953,25,0.282,88.602
50,17:52:08.74,5.276,25,0.282,88.584
51,17:52:08.78,5.522,25,0.282,88.562
52,17:52:08.90,6.054,25,0.283,88.444
53,17:52:09.05,5.942,25,0.282,88.787
54,17:52:09.05,5.762,25,0.283,88.381
55,17:52:09.09,5.634,25,0.282,88.606
56,17:52:09.21,6.099,25,0.281,88.83
57,17:52:09.36,6.529,25,0.282,88.596
58,17:52:09.36,5.752,25,0.281,89.109
59,17:52:09.40,6.449,25,0.281,88.932
60,17:52:09.53,6.587,25,0.282,88.581
61,17:52:09.67,6.889,25,0.283,88.464
62,17:52:09.67,6.64,25,0.282,88.598
63,17:52:09.72,6.307,25,0.282,88.695
64,17:52:09.84,6.538,25,0.282,88.618
65,17:52:09.98,6.852,25,0.282,88.626
66,17:52:09.99,6.692,25,0.283,88.427
67,17:52:10.03,6.056,25,0.282,88.698
68,17:52:10.15,6.348,25,0.283,88.348
69,17:52:10.29,7.458,25,0.282,88.664
70,17:52:10.30,7.127,25,0.282,88.617
71,17:52:10.34,6.438,25,0.281,88.921
72,17:52:10.46,7.329,25,0.28,89.249
73,17:52:10.61,6.96,25,0.283,88.448
74,17:52:10.61,7.637,25,0.283,88.457
75,17:52:10.65,7.258,25,0.282,88.719
76,17:52:10.77,6.273,25,0.282,88.636
77,17:52:10.92,7.685,25,0.283,88.452
78,17:52:10.92,7.389,25,0.283,88.402
79,17:52:10.97,6.912,25,0.282,88.651
80,17:52:11.09,7.966,25,0.282,88.791
81,17:52:11.23,7.133,25,0.282,88.715
82,17:52:11.23,8.407,25,0.282,88.669
83,17:52:11.28,7.866,25,0.281,89.007
84,17:52:11.40,8.332,25,0.282,88.685
85,17:52:11.54,8.696,25,0.282,88.67
86,17:52:11.55,7.985,25,0.282,88.748
87,17:52:11.59,8.576,25,0.283,88.485
88,17:52:11.71,8.118,25,0.281,88.847
89,17:52:11.86,7.957,25,0.283,88.364
90,17:52:11.85,8.571,25,0.282,88.583
91,17:52:11.90,7.976,25,0.282,88.608
92,17:52:12.02,8.016,25,0.281,88.844
93,17:52:12.17,9.227,25,0.283,88.341
94,17:52:12.17,8.961,25,0.282,88.568
95,17:52:12.21,8.297,25,0.283,88.289
96,17:52:12.34,8.348,25,0.282,88.509
97,17:52:12.48,8.556,25,0.282,88.732
98,17:52:12.48,9.511,25,0.281,88.931
99,17:52:12.53,9.15,25,0.282,88.536
100,17:52:12.65,9.184,25,0.282,88.619
101,17:52:12.79,9.802,25,0.282,88.809
102,17:52:12.80,8.856,25,0.281,88.917
103,17:52:12.84,9.184,25,0.28,89.148
104,17:52:12.96,9.819,25,0.283,88.492
105,17:52:13.10,10.338,25,0.28,89.286
106,17:52:13.11,9.915,25,0.283,88.477
107,17:52:13.15,10.214,25,0.281,88.814
108,17:52:13.27,9.207,25,0.282,88.786
109,17:52:13.42,10.179,25,0.282,88.673
110,17:52:13.42,10.332,25,0.28,89.305
111,17:52:13.46,10.565,25,0.281,89.03
112,17:52:13.58,10.597,25,0.281,88.861
113,17:52:13.73,10.481,25,0.282,88.538
114,17:52:13.73,10.629,25,0.28,89.256
115,17:52:13.78,10.385,25,0.282,88.695
116,17:52:13.90,10.829,25,0.281,89.115
117,17:52:14.04,10.68,25,0.28,89.422
118,17:52:14.04,10.865,25,0.281,89.075
119,17:52:14.09,10.495,25,0.28,89.226
120,17:52:14.21,10.657,25,0.281,88.93
121,17:52:14.35,10.655,25,0.28,89.409
122,17:52:14.36,11.088,25,0.281,88.901
123,17:52:14.40,11.035,25,0.281,89.071
124,17:52:14.52,11.562,25,0.281,88.866
125,17:52:14.66,11.655,25,0.281,88.92
126,17:52:14.67,11.55,25,0.283,88.467
127,17:52:14.71,11.337,25,0.28,89.39
128,17:52:14.83,11.274,25,0.281,89.077
129,17:52:14.98,11.732,25,0.28,89.421
130,17:52:14.98,10.609,25,0.281,89.032
131,17:52:15.02,11.246,25,0.28,89.344
132,17:52:15.15,11.737,25,0.281,88.865
133,17:52:15.29,12.203,25,0.283,88.463
134,17:52:15.29,12.24,25,0.281,88.9
135,17:52:15.34,12.457,25,0.282,88.705
136,17:52:15.46,12.146,25,0.282,88.719
137,17:52:15.60,12.406,25,0.282,88.78
138,17:52:15.60,12.267,25,0.282,88.663
139,17:52:15.65,12.283,25,0.28,89.295
140,17:52:15.77,12.564,25,0.282,88.756
141,17:52:15.91,12.619,25,0.281,88.865
142,17:52:15.92,12.529,25,0.282,88.701
143,17:52:15.96,12.327,25,0.282,88.66
144,17:52:16.08,11.976,25,0.282,88.674
145,17:52:16.23,13.157,25,0.282,88.601
146,17:52:16.23,12.596,25,0.281,88.946
147,17:52:16.27,12.324,25,0.282,88.774
148,17:52:16.39,12.607,25,0.281,88.849
149,17:52:16.54,13.147,25,0.28,89.265
150,17:52:16.54,12.623,25,0.281,89.117
151,17:52:16.58,13.23,25,0.281,88.982
152,17:52:16.71,12.539,25,0.282,88.65
153,17:52:16.85,13.484,25,0.282,88.594
154,17:52:16.85,13.684,25,0.283,88.491
155,17:52:16.90,13.627,25,0.282,88.556
156,17:52:17.02,13.942,25,0.282,88.666
157,17:52:17.16,13.896,25,0.281,89.008
158,17:52:17.16,13.51,25,0.281,88.833
159,17:52:17.21,13.909,25,0.282,88.775
160,17:52:17.33,14.057,25,0.281,88.818
161,17:52:17.47,13.598,25,0.282,88.556
162,17:52:17.48,14.411,25,0.281,88.875
163,17:52:17.52,13.654,25,0.282,88.704
164,17:52:17.64,13.694,25,0.282,88.671
165,17:52:17.78,13.373,25,0.282,88.617
166,17:52:17.79,14.734,25,0.283,88.438
167,17:52:17.83,14.466,25,0.282,88.643
168,17:52:17.95,14.303,25,0.282,88.777
169,17:52:18.10,13.41,25,0.282,88.689
170,17:52:18.10,14.153,25,0.282,88.722
171,17:52:18.14,14.766,25,0.281,88.946
172,17:52:18.27,14.812,25,0.281,88.959
173,17:52:18.41,15.523,25,0.282,88.681
174,17:52:18.41,14.394,25,0.282,88.554
175,17:52:18.46,14.924,25,0.281,88.919
176,17:52:18.58,15.585,25,0.282,88.751
177,17:52:18.72,15.197,25,0.282,88.785
178,17:52:18.72,15.101,25,0.282,88.735
179,17:52:18.77,15.831,25,0.282,88.651
180,17:52:18.89,16.033,25,0.282,88.719
181,17:52:19.03,15.339,25,0.282,88.805
182,17:52:19.04,15.204,25,0.282,88.624
183,17:52:19.08,15.34,25,0.282,88.635
184,17:52:19.20,15.113,25,0.281,88.891
185,17:52:19.35,15.536,25,0.283,88.278
186,17:52:19.35,16.223,25,0.281,88.969
187,17:52:19.39,16.317,25,0.283,88.371
188,17:52:19.51,15.568,25,0.282,88.763
189,17:52:19.66,15.97,25,0.282,88.756
190,17:52:19.66,16.468,25,0.282,88.579
191,17:52:19.71,16.787,25,0.282,88.647
192,17:52:19.83,16.578,25,0.282,88.595
193,17:52:19.97,16.417,25,0.283,88.437
194,17:52:19.97,15.9,25,0.283,88.408
195,17:52:20.02,16.473,25,0.283,88.371
196,17:52:20.14,16.709,25,0.282,88.644
197,17:52:20.28,16.623,25,0.282,88.777
198,17:52:20.29,16.583,25,0.282,88.778
199,17:52:20.32,16.302,25,0.27,92.446
200,17:52:20.47,16.628,25,0.297,84.14
201,17:52:20.58,16.567,25,0.266,94.12
202,17:52:20.60,17.524,25,0.275,90.883
203,17:52:20.63,17.655,25,0.276,90.501
204,17:52:20.79,17.403,25,0.282,88.74
205,17:52:20.89,17.912,25,0.281,88.842
206,17:52:20.91,18.016,25,0.282,88.651
207,17:52:20.94,17.463,25,0.28,89.17
208,17:52:21.10,18.036,25,0.282,88.724
209,17:52:21.21,16.542,25,0.281,88.843
210,17:52:21.22,17.28,25,0.282,88.632
211,17:52:21.25,18.265,25,0.282,88.554
212,17:52:21.41,18.236,25,0.281,89.015
213,17:52:21.52,18.031,25,0.282,88.751
214,17:52:21.53,17.777,25,0.282,88.516
215,17:52:21.56,18.088,25,0.281,88.883
216,17:52:21.72,17.636,25,0.283,88.336
217,17:52:21.83,18.434,25,0.281,88.895
218,17:52:21.84,18.701,25,0.282,88.661
219,17:52:21.88,17.882,25,0.282,88.702
220,17:52:22.04,18.422,25,0.282,88.772
221,17:52:22.14,19.111,25,0.281,89.104
222,17:52:22.16,19.239,25,0.282,88.779
223,17:52:22.19,19.207,25,0.277,90.263
224,17:52:22.35,19.407,25,0.281,89.119
225,17:52:22.45,19.292,25,0.276,90.493
226,17:52:22.47,18.469,25,0.278,90.029
227,17:52:22.50,19.69,25,0.284,87.88
228,17:52:22.66,18.425,25,0.281,88.97
229,17:52:22.76,19.863,25,0.283,88.28
230,17:52:22.78,19.146,25,0.28,89.265
231,17:52:22.81,18.788,25,0.276,90.45
232,17:52:22.97,19.335,25,0.28,89.215
233,17:52:23.08,19.005,25,0.28,89.157
234,17:52:23.09,19.867,25,0.278,89.805
235,17:52:23.12,19.523,25,0.28,89.2
236,17:52:23.28,19.546,25,0.278,90.028
237,17:52:23.39,19.751,25,0.28,89.277
238,17:52:23.40,20.561,25,0.279,89.522
239,17:52:23.44,19.984,25,0.283,88.266
240,17:52:23.62,20.668,25,0.313,79.859
241,17:52:23.73,19.818,25,0.306,81.801
242,17:52:23.75,19.359,25,0.317,78.959
243,17:52:23.78,20.197,25,0.304,82.249
244,17:52:23.95,19.89,25,0.289,86.545
245,17:52:24.04,21.086,25,0.282,88.714
246,17:52:24.07,20.623,25,0.292,85.531
247,17:52:24.09,20.804,25,0.28,89.173
248,17:52:24.26,20.196,25,0.283,88.199
249,17:52:24.36,20.354,25,0.282,88.721
250,17:52:24.38,19.953,25,0.281,88.866
251,17:52:24.40,20.563,25,0.281,89.11
252,17:52:24.57,20.652,25,0.281,88.948
253,17:52:24.67,20.894,25,0.281,88.926
254,17:52:24.69,20.752,25,0.277,90.198
255,17:52:24.71,21.825,25,0.28,89.232
256,17:52:24.88,21.35,25,0.276,90.435
257,17:52:24.98,20.572,25,0.28,89.423
258,17:52:25.00,21.755,25,0.28,89.15
259,17:52:25.03,21.703,25,0.284,88.114
260,17:52:25.22,22.07,25,0.309,80.813
261,17:52:25.32,22.014,25,0.305,82.03
262,17:52:25.35,22.121,25,0.319,78.474
263,17:52:25.36,21.057,25,0.296,84.326
264,17:52:25.56,21.775,25,0.308,81.054
265,17:52:25.64,21.597,25,0.283,88.188
266,17:52:25.67,22.073,25,0.283,88.335
267,17:52:25.67,21.566,25,0.284,87.993
268,17:52:25.87,22.133,25,0.283,88.201
269,17:52:25.95,22.087,25,0.282,88.708
270,17:52:25.98,22.671,25,0.283,88.45
271,17:52:25.98,22.689,25,0.282,88.643
272,17:52:26.18,22.188,25,0.284,88.021
273,17:52:26.26,23.092,25,0.282,88.576
274,17:52:26.29,21.811,25,0.283,88.473
275,17:52:26.29,23.379,25,0.283,88.353
276,17:52:26.50,22.727,25,0.282,88.735
277,17:52:26.57,22.505,25,0.282,88.529
278,17:52:26.60,22.185,25,0.283,88.306
279,17:52:26.60,23.789,25,0.281,88.961
280,17:52:26.81,23.877,25,0.283,88.326
281,17:52:26.89,22.985,25,0.283,88.45
282,17:52:26.91,22.86,25,0.283,88.215
283,17:52:26.92,23.529,25,0.283,88.375
284,17:52:27.12,23.432,25,0.283,88.232
285,17:52:27.20,23.319,25,0.282,88.769
286,17:52:27.23,23.637,25,0.282,88.562
287,17:52:27.23,23.683,25,0.283,88.365
288,17:52:27.43,22.812,25,0.282,88.532
289,17:52:27.51,24.244,25,0.283,88.47
290,17:52:27.54,24.685,25,0.282,88.631
291,17:52:27.54,23.626,25,0.281,88.916
292,17:52:27.74,23.635,25,0.282,88.55
293,17:52:27.82,24.107,25,0.282,88.71
294,17:52:27.85,24.275,25,0.282,88.754
295,17:52:27.85,24.215,25,0.282,88.709
296,17:52:28.06,23.871,25,0.282,88.606
297,17:52:28.13,24.783,25,0.281,88.885
298,17:52:28.16,24.144,25,0.282,88.809
299,17:52:28.17,24.541,25,0.281,88.967
300,17:52:28.37,24.557,25,0.283,88.437
301,17:52:28.45,24.187,25,0.282,88.513
302,17:52:28.47,24.562,25,0.282,88.689
303,17:52:28.48,24.942,25,0.282,88.559
304,17:52:28.68,24.912,25,0.283,88.388
305,17:52:28.76,25.588,25,0.283,88.285
306,17:52:28.79,25.046,25,0.283,88.357
307,17:52:28.79,25.169,25,0.282,88.565
308,17:52:28.99,26.04,25,0.283,88.247
309,17:52:29.07,24.361,25,0.282,88.673
310,17:52:29.10,25.259,25,0.282,88.642
311,17:52:29.10,23.7,25,0.283,88.21
312,17:52:29.31,25.816,25,0.282,88.553
313,17:52:29.38,25.206,25,0.282,88.686
314,17:52:29.41,26.447,25,0.283,88.336
315,17:52:29.41,25.654,25,0.281,88.992
316,17:52:29.62,26.543,25,0.282,88.7
317,17:52:29.69,26.304,25,0.282,88.626
318,17:52:29.72,26.513,25,0.283,88.253
319,17:52:29.73,26.348,25,0.282,88.643
320,17:52:29.93,26.574,25,0.283,88.465
321,17:52:30.01,25.85,25,0.283,88.343
322,17:52:30.04,25.557,25,0.283,88.352
323,17:52:30.04,25.961,25,0.283,88.467
324,17:52:30.24,26.923,25,0.282,88.633
325,17:52:30.32,26.56,25,0.281,89.102
326,17:52:30.35,26.918,25,0.283,88.359
327,17:52:30.35,26.484,25,0.281,89.067
328,17:52:30.55,26.708,25,0.283,88.34
329,17:52:30.63,26.839,25,0.282,88.657
330,17:52:30.66,27.071,25,0.283,88.407
331,17:52:30.66,26.953,25,0.284,88.179
332,17:52:30.86,27.9,25,0.279,89.513
333,17:52:30.94,27.044,25,0.283,88.445
334,17:52:30.97,27.296,25,0.282,88.654
335,17:52:30.98,27.368,25,0.283,88.49
336,17:52:31.18,27.81,25,0.281,88.882
337,17:52:31.26,26.198,25,0.281,88.866
338,17:52:31.28,27.468,25,0.282,88.605
339,17:52:31.29,27.599,25,0.281,88.916
340,17:52:31.49,27.393,25,0.283,88.395
341,17:52:31.57,27.858,25,0.282,88.498
342,17:52:31.60,28.102,25,0.283,88.461
343,17:52:31.60,28.26,25,0.281,89.08
344,17:52:31.80,28.422,25,0.283,88.469
345,17:52:31.88,28.978,25,0.282,88.794
346,17:52:31.91,28.546,25,0.283,88.305
347,17:52:31.91,28.605,25,0.282,88.551
348,17:52:32.11,28.719,25,0.282,88.577
349,17:52:32.19,28.504,25,0.282,88.601
350,17:52:32.22,28.523,25,0.282,88.496
351,17:52:32.23,28.808,25,0.281,88.941
352,17:52:32.42,28.27,25,0.282,88.579
353,17:52:32.51,27.728,25,0.283,88.443
354,17:52:32.53,28.675,25,0.282,88.782
355,17:52:32.54,28.814,25,0.282,88.638
356,17:52:32.74,28.39,25,0.282,88.546
357,17:52:32.82,28.553,25,0.282,88.628
358,17:52:32.85,29.945,25,0.282,88.613
359,17:52:32.85,29.012,25,0.281,88.822
360,17:52:33.05,29.723,25,0.282,88.687
361,17:52:33.13,29.446,25,0.282,88.608
362,17:52:33.16,29.696,25,0.282,88.663
363,17:52:33.16,29.535,25,0.283,88.427
364,17:52:33.36,30.178,25,0.282,88.522
365,17:52:33.44,29.031,25,0.282,88.754
366,17:52:33.47,29.538,25,0.283,88.406
367,17:52:33.48,29.981,25,0.281,88.818
368,17:52:33.67,28.866,25,0.282,88.764
369,17:52:33.76,30.221,25,0.282,88.769
370,17:52:33.78,29.304,25,0.282,88.732
371,17:52:33.79,30.801,25,0.281,88.922
372,17:52:33.99,30.479,25,0.282,88.638
373,17:52:34.07,30.029,25,0.281,88.915
374,17:52:34.09,29.703,25,0.283,88.429
375,17:52:34.10,31.071,25,0.281,88.87
376,17:52:34.30,30.628,25,0.282,88.525
377,17:52:34.38,29.967,25,0.282,88.654
378,17:52:34.41,30.659,25,0.282,88.676
379,17:52:34.41,28.945,25,0.282,88.712
380,17:52:34.61,30.656,25,0.283,88.467
381,17:52:34.69,31.467,25,0.282,88.574
382,17:52:34.72,31.141,25,0.282,88.721
383,17:52:34.73,29.209,25,0.283,88.427
384,17:52:34.92,31.029,25,0.282,88.51
385,17:52:35.00,31.795,25,0.282,88.513
386,17:52:35.03,30.596,25,0.282,88.594
387,17:52:35.04,29.522,25,0.283,88.263
388,17:52:35.23,32.16,25,0.282,88.534
389,17:52:35.32,31.569,25,0.283,88.489
390,17:52:35.34,31.399,25,0.283,88.387
391,17:52:35.35,29.835,25,0.282,88.656
392,17:52:35.50,32.217,25,0.232,107.694
393,17:52:35.56,32.117,25,0.213,117.572
394,17:52:35.57,31.782,25,0.198,126.087
395,17:52:35.65,31.888,25,0.123,203.281
396,17:52:35.69,30.201,25,0.096,261.089
397,17:52:35.74,32.656,25,0.069,360.221
398,17:52:35.81,32.519,25,0.054,465.467
399,17:52:35.88,31.753,25,0.053,467.382
400,17:52:35.96,31.97,25,0.054,466.562
